No	클립제목	유튜브 링크	클립의 조회수	비고
1	편히 가십쇼【2021-01-02T11:25:49Z】	https://www.youtube.com/watch?v=ICj7SyeJ7V4	22	
2	탈모 컴뱃 금연 2일차【2021-01-02T11:44:03Z】	https://www.youtube.com/watch?v=KmplswPp8Ls	2	
3	도동파치 금연 3일차【2021-01-02T15:36:08Z】	https://www.youtube.com/watch?v=w3OjX7Hma2E	3	
4	노인정 국민게임 대결 금연 2일차【2021-01-02T17:27:48Z】	https://www.youtube.com/watch?v=z-bSBoiUlSI	2	
5	노인정 국민게임 대결 금연 2일차【2021-01-03T03:00:35Z】	https://www.youtube.com/watch?v=ab0TLFeGwCg	1	
6	사륜안【2021-01-03T04:58:22Z】	https://www.youtube.com/watch?v=SMU5siqFfkI	2	
7	도동파치 금연 3일차【2021-01-03T10:13:12Z】	https://www.youtube.com/watch?v=5cBWRfpEQI0	2	
8	도동파치 금연 3일차【2021-01-03T10:14:07Z】	https://www.youtube.com/watch?v=YMCNRnYYL_I	2	
9	미들핑거【2021-01-03T12:28:44Z】	https://www.youtube.com/watch?v=JshPbdcpuyA	2	
10	흡연 마지막날【2021-01-05T09:58:27Z】	https://www.youtube.com/watch?v=2hMB-ygXan0	3	
11	생선배 관짝쇼【2021-01-05T12:55:37Z】	https://www.youtube.com/watch?v=R5u4r0l0HBw	6	
12	그만하랬다【2021-01-05T13:20:19Z】	https://www.youtube.com/watch?v=3NXd7gMN6iI	11	
13	검증해봅시다【2021-01-05T13:21:19Z】	https://www.youtube.com/watch?v=PbXY_U_p4mw	4	
14	역린【2021-01-05T13:24:14Z】	https://www.youtube.com/watch?v=ZuAeJNaf-0Y	6	
15	탈모컴뱃1 금연 5일차【2021-01-05T13:33:52Z】	https://www.youtube.com/watch?v=QCDg-3RVF0k	3	
16	풀템 딜러【2021-01-05T13:53:39Z】	https://www.youtube.com/watch?v=PzvkLyav6-Y	19	
17	탈모컴뱃1 금연 5일차【2021-01-05T14:21:07Z】	https://www.youtube.com/watch?v=msIbWEtFr-8	2	
18	탈모컴뱃1 금연 5일차【2021-01-05T14:45:38Z】	https://www.youtube.com/watch?v=tixu-ci9KLI	9	
19	탈모컴뱃1 금연 5일차【2021-01-05T14:48:40Z】	https://www.youtube.com/watch?v=OJLjkppN2J8	2	
20	???【2021-01-05T15:13:18Z】	https://www.youtube.com/watch?v=8qX5C8BXO04	142	
21	금단증상 개싫어 금연 5일차【2021-01-05T18:29:47Z】	https://www.youtube.com/watch?v=WfKuWsre8wE	2	
22	금단증상 개싫어 금연 5일차【2021-01-06T04:23:09Z】	https://www.youtube.com/watch?v=0ULF88in0x8	10	
23	졸려! 금연 7일차【2021-01-07T12:19:49Z】	https://www.youtube.com/watch?v=5Kuus1wcb0c	1	
24	배경에 김선배!【2021-01-07T13:10:47Z】	https://www.youtube.com/watch?v=OX0i6cd7LX8	5	
25	찾았다! 끝났어 끝났어! -김선배【2021-01-07T13:12:45Z】	https://www.youtube.com/watch?v=U-8LkXrGcyw	3	
26	오늘 모탈컴뱃 끝낸다! -김선배【2021-01-07T13:13:52Z】	https://www.youtube.com/watch?v=Bm6FR3PDr3E	3	
27	생슨덴의 배이탈리티【2021-01-07T14:11:23Z】	https://www.youtube.com/watch?v=JaGx9Bg5Jgs	18	
28	탈모컴뱃ㄱ! 금연 7일차【2021-01-07T14:45:12Z】	https://www.youtube.com/watch?v=GheiIwj_Os8	2	
29	탈모컴뱃ㄱ! 금연 7일차【2021-01-07T14:48:05Z】	https://www.youtube.com/watch?v=birypwLoFgs	36	
30	버튼을 막 눌러버린 김선배【2021-01-07T15:27:00Z】	https://www.youtube.com/watch?v=6HmZUuYDlOY	4	
31	졸려! 금연 7일차【2021-01-07T15:29:20Z】	https://www.youtube.com/watch?v=b4WlPIjizGg	5	
32	잠방의 대가【2021-01-08T13:44:13Z】	https://www.youtube.com/watch?v=iWng-apkWF8	5	
33	채팅 무시하고 씹는 걸 지양합니다 - 김선배【2021-01-08T14:13:35Z】	https://www.youtube.com/watch?v=3T3zXD-T854	4	
34	탈모컴뱃 금연 8일차【2021-01-08T14:48:10Z】	https://www.youtube.com/watch?v=4fUDioDUHxI	1	
35	탈모컴뱃 금연 8일차【2021-01-08T15:04:14Z】	https://www.youtube.com/watch?v=9fdiUaxAcuE	1	
36	풍꼬 vs 김선배 스타 금연 8일차【2021-01-08T17:19:42Z】	https://www.youtube.com/watch?v=L6aW7bJeFgk	2	
37	김선배님 이건 진짜 해명 좀 부탁드립니다. 눈이 썩을거 같아요.【2021-01-08T17:21:02Z】	https://www.youtube.com/watch?v=lbq8FjIZH-E	26	
38	선녀【2021-01-09T03:34:20Z】	https://www.youtube.com/watch?v=00pLwe4FTcI	6	
39	큰일이 났어! 금연 9일차【2021-01-09T12:43:47Z】	https://www.youtube.com/watch?v=x0eTeoKBxgs	1	
40	원펀맨에 위력 ㅋㅋㅋㅋㅋㅋㅋㅋㅋㅋㅋㅋㅋㅋㅋㅋㅋㅋㅋㅋㅋ【2021-01-09T15:31:12Z】	https://www.youtube.com/watch?v=s4s-BiDJno8	2	
41	철권 플매 고수만 금연 9일차【2021-01-09T15:51:40Z】	https://www.youtube.com/watch?v=C35x7QYvNHk	1	
42	철권 저격 환영 금연 10일차【2021-01-10T03:09:20Z】	https://www.youtube.com/watch?v=5Y_WaUOWwzY	1	
43	철권 저격 환영 금연 10일차【2021-01-10T03:19:33Z】	https://www.youtube.com/watch?v=QqG7JJjXkIM	1	
44	강등찬스 성공 !!!【2021-01-10T04:05:49Z】	https://www.youtube.com/watch?v=EGOEIkfK0ps	2	
45	패대기에 마무으리 !!!!【2021-01-10T04:09:14Z】	https://www.youtube.com/watch?v=SjSaH6F8lFE	2	
46	강의?【2021-01-10T04:41:09Z】	https://www.youtube.com/watch?v=GGSziVbq8vM	4	
47	철권 저격 환영 금연 10일차【2021-01-10T04:46:26Z】	https://www.youtube.com/watch?v=k7juSZ51zVE	1	
48	철권 저격 환영 금연 10일차【2021-01-10T05:23:34Z】	https://www.youtube.com/watch?v=bwiFKhDQIFE	2	
49	페르시아 환자 금연 10일차【2021-01-10T06:19:41Z】	https://www.youtube.com/watch?v=trCD_G--3Kk	2	
50	페르시아 환자 금연 10일차【2021-01-10T06:32:50Z】	https://www.youtube.com/watch?v=uokD5nJpUrI	1	
51	특이하게 죽는다【2021-01-10T07:13:26Z】	https://www.youtube.com/watch?v=7qWJOXRQ1xU	23	
52	잠방 하는 법【2021-01-10T22:55:08Z】	https://www.youtube.com/watch?v=twd-exgX7O8	6	
53	해봐【2021-01-11T04:58:49Z】	https://www.youtube.com/watch?v=OBe27bP4Pac	8	
54	이러지마【2021-01-11T08:39:16Z】	https://www.youtube.com/watch?v=d9WKdYdftwU	5	
55	히 메리드【2021-01-11T11:35:51Z】	https://www.youtube.com/watch?v=TUcoXLgFFUo	4	
56	ㅠㅠ【2021-01-11T11:42:06Z】	https://www.youtube.com/watch?v=RiMaXOAaYL0	7	
57	파이널 파이트 100퍼센트 실력방송  day-8【2021-01-11T21:55:07Z】	https://www.youtube.com/watch?v=F7KJEqTSHGs	1	
58	이것이 바로 숙달된 조교다 그럼요 아【2021-01-12T13:42:36Z】	https://www.youtube.com/watch?v=Arft-EfUSOM	2	
59	망언【2021-01-12T13:56:31Z】	https://www.youtube.com/watch?v=IGblw835_Ms	6	
60	ㅋㅋㅋ【2021-01-12T14:12:55Z】	https://www.youtube.com/watch?v=fvc2yY-a6N0	117	
61	ㅋㅋㅋㅋㅋ【2021-01-12T14:26:01Z】	https://www.youtube.com/watch?v=loGNHQfjRZs	31	
62	킹갈죽【2021-01-14T12:42:11Z】	https://www.youtube.com/watch?v=tLTVmVK0kKA	2	
63	평범【2021-01-14T12:53:28Z】	https://www.youtube.com/watch?v=v9d1nt_72cw	4	
64	가시로 할게요【2021-01-14T13:05:51Z】	https://www.youtube.com/watch?v=RdnXaMGosNU	4	
65	생일날에는 역시 페르시아의 환자지【2021-01-14T13:07:20Z】	https://www.youtube.com/watch?v=1NhYzz50sho	2	
66	버그에 농락 당한 킹선배 ㅋㅋㅋㅋㅋㅋㅋㅋㅋ【2021-01-14T13:07:50Z】	https://www.youtube.com/watch?v=eHCx7C_WvRg	5	
67	그 발언【2021-01-14T13:40:02Z】	https://www.youtube.com/watch?v=0m6Vx5FSYS4	11	
68	비명횡사【2021-01-14T14:01:35Z】	https://www.youtube.com/watch?v=WPMRGFpzJDI	6	
69	인간꼬치【2021-01-14T14:02:07Z】	https://www.youtube.com/watch?v=0cleMXGj9FI	2	
70	방송을 아는 생선배 【2021-01-14T14:05:40Z】	https://www.youtube.com/watch?v=ahyoE5fLYmk	7	
71	생일날에는 역시 페르시아의 환자지【2021-01-14T14:34:27Z】	https://www.youtube.com/watch?v=fHfyvfZAuD4	1	
72	생일날에는 역시 페르시아의 환자지【2021-01-14T15:05:57Z】	https://www.youtube.com/watch?v=2fsCrK37IWs	2	
73	철권 교육 예정【2021-01-14T15:08:51Z】	https://www.youtube.com/watch?v=lfFOhOo5JSE	8	
74	의문에 반죽갈【2021-01-15T12:41:36Z】	https://www.youtube.com/watch?v=lzIOApI6H8I	2	
75	페르시아의 환장【2021-01-15T12:43:50Z】	https://www.youtube.com/watch?v=1NFkBzKAv1w	4	
76	혼자 죽긴 싫엉 ㅋㅅㅋ【2021-01-15T12:43:55Z】	https://www.youtube.com/watch?v=cpddyUFDjIw	2	
77	아직도 못깼다ㅑ【2021-01-15T12:50:52Z】	https://www.youtube.com/watch?v=2q5wH0LRP1U	2	
78	망언【2021-01-15T12:51:53Z】	https://www.youtube.com/watch?v=anej9tffhMw	2	
79	개소리으아아아악【2021-01-15T12:56:02Z】	https://www.youtube.com/watch?v=5gB7XMd3aOg	13	
80	페르시아의 환장【2021-01-15T13:14:56Z】	https://www.youtube.com/watch?v=l7vS0TatqUs	1	
81	페르시아의 환장【2021-01-15T13:25:28Z】	https://www.youtube.com/watch?v=66kiY9Q_GI0	1	
82	적 있다니까 자뻑에 빠져 가지고 또 【2021-01-15T14:23:49Z】	https://www.youtube.com/watch?v=D8FkTwJEqEo	2	
83	응원 받는 선배【2021-01-15T14:24:27Z】	https://www.youtube.com/watch?v=hpLvnCqRuZ0	5	
84	비명횡사【2021-01-15T14:37:30Z】	https://www.youtube.com/watch?v=qZVllNt5J80	2	
85	페르시아의 환장【2021-01-15T14:41:38Z】	https://www.youtube.com/watch?v=G30lV0m3U2M	4	
86	페르시아의 환장【2021-01-15T14:53:52Z】	https://www.youtube.com/watch?v=gSsUZ5dXBl0	2	
87	페르시아의 환장【2021-01-15T15:23:07Z】	https://www.youtube.com/watch?v=EAa4iiMZGQE	2	
88	페르시아의 환장【2021-01-15T15:27:18Z】	https://www.youtube.com/watch?v=G5-8UEHmBeQ	2	
89	이거 독약 아닌데?【2021-01-15T15:27:24Z】	https://www.youtube.com/watch?v=fRbVkwxWBBk	5	
90	this is sparta【2021-01-15T16:19:32Z】	https://www.youtube.com/watch?v=B8zrKLbjNnY	2	
91	페르시아의 환장【2021-01-15T16:30:25Z】	https://www.youtube.com/watch?v=QUIUJKkarhE	1	
92	페르시아의 환장【2021-01-15T16:32:16Z】	https://www.youtube.com/watch?v=09DPTY3mMC4	8	
93	생일날에는 역시 페르시아의 환자지【2021-01-16T02:22:25Z】	https://www.youtube.com/watch?v=Rry6DoaCkgE	2	
94	김선배 리삼【2021-01-16T02:22:58Z】	https://www.youtube.com/watch?v=nxtSBInPEYk	7	
95	리삼님 선배화【2021-01-16T02:38:54Z】	https://www.youtube.com/watch?v=MaOo0DzBgO4	4	
96	교육 내용 : 동캐면 그냥 따라하세요【2021-01-16T03:02:32Z】	https://www.youtube.com/watch?v=D0N9XsOSe8U	4	
97	잡기를 풀면 노매너?【2021-01-16T03:09:45Z】	https://www.youtube.com/watch?v=O2WdsngNGt4	5	
98	아케이드【2021-01-16T04:25:16Z】	https://www.youtube.com/watch?v=17M6uxTX9VI	13	
99	딜캐【2021-01-16T04:29:18Z】	https://www.youtube.com/watch?v=HoSfRBGRTwg	10	
100	저격 환영 두남자의 철권 똥꼬쑈 김선배x리삼【2021-01-16T04:38:07Z】	https://www.youtube.com/watch?v=fBZ4iMvTmTo	2	
101	선넘네【2021-01-16T05:00:01Z】	https://www.youtube.com/watch?v=CrxpxFOPmrk	18	
102	철권 교육 후 감상【2021-01-16T11:21:21Z】	https://www.youtube.com/watch?v=XbnCtkVgOz4	7	
103	비디오판독【2021-01-16T11:44:34Z】	https://www.youtube.com/watch?v=zUNli1Ma-sw	5	
104	선배르타2【2021-01-16T12:19:31Z】	https://www.youtube.com/watch?v=2Ufs6XPLUcM	2	
105	팩트: 굼바【2021-01-16T12:47:23Z】	https://www.youtube.com/watch?v=hpUIeNXk7j4	31	
106	요금제 10만원짜리 쓴 이유【2021-01-16T13:06:27Z】	https://www.youtube.com/watch?v=JpSmt0QlayA	2	
107	페르시아의 환장【2021-01-16T13:39:41Z】	https://www.youtube.com/watch?v=P3-HJsfZYrE	2	
108	일부러 죽음?【2021-01-16T14:38:15Z】	https://www.youtube.com/watch?v=FNCUBfMyHY4	2	
109	킹시도약 ㅋㅋㅋㅋㅋㅋㅋㅋㅋㅋㅋㅋㅋㅋㅋㅋㅋㅋ【2021-01-16T14:46:22Z】	https://www.youtube.com/watch?v=I3vNRxFVoSM	6	
110	현상수배서【2021-01-16T14:51:49Z】	https://www.youtube.com/watch?v=esEMYWEDeaU	4	
111	페르시아의 환장【2021-01-16T16:16:49Z】	https://www.youtube.com/watch?v=GVos_mst-tk	2	
112	나 노트북 팔러나가야되 【2021-01-16T16:41:14Z】	https://www.youtube.com/watch?v=3psv8ygGTog	2	
113	페르시아의 환장【2021-01-16T17:51:00Z】	https://www.youtube.com/watch?v=LZBNI7VZb_c	6	
114	자 준비됐나? day-9【2021-01-16T19:28:14Z】	https://www.youtube.com/watch?v=jfA_3RX7IC4	1	
115	98서바이벌【2021-01-17T09:14:02Z】	https://www.youtube.com/watch?v=cLuDFlPOELQ	2	
116	미래【2021-01-17T09:44:34Z】	https://www.youtube.com/watch?v=Xo9YuYK63v4	2	
117	아 ㅅㅂ 꿈【2021-01-17T09:44:35Z】	https://www.youtube.com/watch?v=kKW5q9pXck4	3	
118	오늘은 페르시아의 왕자 ㅎㅎㅎ 일찍깨고 쉰다【2021-01-17T09:49:13Z】	https://www.youtube.com/watch?v=mruYb0oSnEM	1	
119	aaaaarghhhhhhhhhhhhh【2021-01-17T10:03:57Z】	https://www.youtube.com/watch?v=9zth11i3NKE	5	
120	나 다시 돌아갈래~~~~~~~~~~~~~~~~~~~~~~~【2021-01-17T10:04:05Z】	https://www.youtube.com/watch?v=VgGI98ZyOvw	4	
121	오늘은 페르시아의 왕자 ㅎㅎㅎ 일찍깨고 쉰다【2021-01-17T10:05:20Z】	https://www.youtube.com/watch?v=IT9sLYWjVMg	1	
122	아이~~고~~~~~~~~~~~~~~~오【2021-01-17T10:12:36Z】	https://www.youtube.com/watch?v=G4k1hR7abLE	4	
123	ㅋㅋㅋㅋ【2021-01-17T10:45:43Z】	https://www.youtube.com/watch?v=65JZd6DZQSA	4	
124	클리어!【2021-01-17T10:59:08Z】	https://www.youtube.com/watch?v=bb6AmDMkG0A	7	
125	오늘은 페르시아의 왕자 ㅎㅎㅎ 일찍깨고 쉰다【2021-01-17T11:10:03Z】	https://www.youtube.com/watch?v=R7WNE00hvlo	1	
126	능지 테스트의 날【2021-01-18T12:32:58Z】	https://www.youtube.com/watch?v=g2lJzJDFlzI	5	
127	능지처참 레이튼【2021-01-18T13:36:08Z】	https://www.youtube.com/watch?v=rju5_4evZ0c	13	
128	기적의 1센치【2021-01-18T13:38:57Z】	https://www.youtube.com/watch?v=BIAmpp8gDBI	73	
129	그러면 1센치네?【2021-01-18T13:39:02Z】	https://www.youtube.com/watch?v=E7ghd6OuajA	2	
130	능지 테스트의 날【2021-01-18T13:39:34Z】	https://www.youtube.com/watch?v=-DUyhgHh30M	11	
131	능지 테스트의 날【2021-01-18T13:39:40Z】	https://www.youtube.com/watch?v=3Y-n-t55lz0	2	
132	능지 테스트의 날【2021-01-18T13:40:00Z】	https://www.youtube.com/watch?v=5HRKOGZrCsw	2	
133	능지 테스트의 날【2021-01-18T13:40:33Z】	https://www.youtube.com/watch?v=70TJ2GQChuw	2	
134	능지 테스트의 날【2021-01-18T13:40:33Z】	https://www.youtube.com/watch?v=70TJ2GQChuw	1	
135	능지 테스트의 날 능지처참【2021-01-18T13:43:18Z】	https://www.youtube.com/watch?v=GEoJKOgAlY4	1	
136	능지 테스트의 날【2021-01-18T13:44:42Z】	https://www.youtube.com/watch?v=KTravEW4gc4	1	
137	왜 약속을 안지키나요【2021-01-18T14:53:28Z】	https://www.youtube.com/watch?v=8lFLB7hwurE	21	
138	2번째 문제 3번만에 클리어【2021-01-18T15:06:20Z】	https://www.youtube.com/watch?v=rBExIRpeGRI	2	
139	전자두뇌??【2021-01-19T13:07:30Z】	https://www.youtube.com/watch?v=eRSEHiF_zBo	6	
140	6개가 색이 다 달라【2021-01-19T13:10:24Z】	https://www.youtube.com/watch?v=Ej38s0YpASE	2	
141	6색깔ㅋㅋㅋㅋ【2021-01-19T13:10:38Z】	https://www.youtube.com/watch?v=Dw7EoqSBR6E	3	
142	게임하러 왔어!【2021-01-19T13:24:25Z】	https://www.youtube.com/watch?v=fxd4c2ffuA4	2	
143	70이라메 ? 70 !!!!!!【2021-01-19T13:33:55Z】	https://www.youtube.com/watch?v=FdCteFmuqSo	15	
144	게임하러 왔어!【2021-01-19T14:31:38Z】	https://www.youtube.com/watch?v=n3aY-R_S0EA	1	
145	19세기 생선배에 최후【2021-01-19T14:32:41Z】	https://www.youtube.com/watch?v=fSG8g05qdXY	16	
146	파닥파닥【2021-01-19T14:33:42Z】	https://www.youtube.com/watch?v=O9nOFMkCbP8	6	
147	킹팔림을 감수하고 힌트 깠는 데【2021-01-19T14:34:16Z】	https://www.youtube.com/watch?v=4rUgU8WWZn8	5	
148	게임하러 왔어!【2021-01-19T14:35:49Z】	https://www.youtube.com/watch?v=ubXpVoDwrpU	1	
149	게임하러 왔어!【2021-01-19T14:52:12Z】	https://www.youtube.com/watch?v=V1P6e-Bs9Ig	2	
150	게임하러 왔어!【2021-01-19T15:08:17Z】	https://www.youtube.com/watch?v=WllbX5S-_ow	3	
151	참을수가 없다【2021-01-20T03:56:41Z】	https://www.youtube.com/watch?v=62ZI842zpCI	10	
152	킹포스터 걸렸는 데.. 개굴욕 ㅋㅋㅋㅋㅋㅋㅋㅋㅋ【2021-01-21T12:37:56Z】	https://www.youtube.com/watch?v=trkqNMODmGI	122	
153	어몽어스? 【2021-01-21T12:39:10Z】	https://www.youtube.com/watch?v=64GpODV4DhU	11	
154	어몽어스? 【2021-01-22T11:23:54Z】	https://www.youtube.com/watch?v=4wLpAR82dGw	2	
155	죄명: 말을 안함【2021-01-22T11:23:57Z】	https://www.youtube.com/watch?v=GXOajgeJVT0	9	
156	능지게임 완전판【2021-01-22T12:40:22Z】	https://www.youtube.com/watch?v=YGhXXvfgQJE	2	
157	손으로 안 가려지는 이마 【2021-01-22T12:48:39Z】	https://www.youtube.com/watch?v=F_cgpPO57LQ	2	
158	능지게임 완전판【2021-01-22T12:54:48Z】	https://www.youtube.com/watch?v=bEGaFFtjpLo	2	
159	능지게임 완전판【2021-01-22T13:13:04Z】	https://www.youtube.com/watch?v=wigRgWt-2q4	2	
160	뇌 정지 어인 【2021-01-22T13:20:19Z】	https://www.youtube.com/watch?v=3gzaJzKAdOI	6	
161	어인 능지 pt1【2021-01-22T13:34:50Z】	https://www.youtube.com/watch?v=XEYlF_o4cp8	5	
162	어인 능지 pt2【2021-01-22T13:35:22Z】	https://www.youtube.com/watch?v=z9yCQqdKgvE	5	
163	능지게임 완전판【2021-01-22T13:38:53Z】	https://www.youtube.com/watch?v=7uQnW6snFvg	5	
164	REAL FISHKINGMAN !!!!!!!!!!!!!!!!!!!!!!!!【2021-01-22T13:39:03Z】	https://www.youtube.com/watch?v=mtDxhcQAGqg	2	
165	실질적 문맹【2021-01-22T13:39:18Z】	https://www.youtube.com/watch?v=OX5McVIVWt4	51	
166	올ㅋㅋㅋㅋ【2021-01-22T14:18:53Z】	https://www.youtube.com/watch?v=Z75xXFSYLuY	2	
167	출제자 의도대로 속은 어인 ㅋㅋㅋㅋㅋㅋㅋㅋㅋㅋㅋㅋㅋㅋㅋㅋㅋㅋㅋ【2021-01-22T14:22:26Z】	https://www.youtube.com/watch?v=dfdGuLalk5M	2	
168	3타라메 ? 3타 !!!!! 아냐 4타라메 4타 !!!!!【2021-01-22T14:27:33Z】	https://www.youtube.com/watch?v=BAMzS2ykojE	7	
169	나무의 각도【2021-01-22T14:51:44Z】	https://www.youtube.com/watch?v=L-8wSnx4rFw	20	
170	능지게임 완전판【2021-01-22T15:16:57Z】	https://www.youtube.com/watch?v=mbXN8kBywpI	1	
171	메이드일을 해본적 없는 슨배님【2021-01-22T15:21:52Z】	https://www.youtube.com/watch?v=A_ZxpHAv8JI	20	
172	능지게임 완전판【2021-01-22T15:25:49Z】	https://www.youtube.com/watch?v=v1AT24L4mDQ	3	
173	선배직장동료【2021-01-22T15:26:09Z】	https://www.youtube.com/watch?v=1x_1GHb-9Qo	10	
174	죽이고 싶은 말【2021-01-22T16:04:53Z】	https://www.youtube.com/watch?v=SPDjgZ9ysL0	32	
175	어금니에 대한 사죄【2021-01-22T16:22:10Z】	https://www.youtube.com/watch?v=79LbJRQf53I	22	
176	레이튼 중간집계【2021-01-22T16:33:16Z】	https://www.youtube.com/watch?v=twD_MT3xf7M	4	
177	나, 딜캐 완벽했죠?【2021-01-23T03:15:54Z】	https://www.youtube.com/watch?v=Mcwr_5-nW5c	5	
178	연애만은...【2021-01-23T03:34:40Z】	https://www.youtube.com/watch?v=ov9j7OviaEI	3	
179	철권 xx쇼 오늘은 보여드리겠습니다 김선배 VS 풍꼬【2021-01-23T04:19:54Z】	https://www.youtube.com/watch?v=CFf46uPaJqo	1	
180	역가드【2021-01-23T04:22:52Z】	https://www.youtube.com/watch?v=JKyBKEXjrDM	3	
181	철권 xx쇼 오늘은 보여드리겠습니다 김선배 VS 풍꼬【2021-01-23T04:33:53Z】	https://www.youtube.com/watch?v=EdUXGVbioOk	1	
182	철권 xx쇼 오늘은 보여드리겠습니다 김선배 VS 풍꼬【2021-01-23T04:35:02Z】	https://www.youtube.com/watch?v=MYNEfnWXXG4	1	
183	철권 xx쇼 오늘은 보여드리겠습니다 김선배 VS 풍꼬【2021-01-23T04:38:15Z】	https://www.youtube.com/watch?v=1rGHDm9AdCo	1	
184	철권 xx쇼 오늘은 보여드리겠습니다 김선배 VS 풍꼬【2021-01-23T04:40:59Z】	https://www.youtube.com/watch?v=H2reu4tc6qk	1	
185	철권 xx쇼 오늘은 보여드리겠습니다 김선배 VS 풍꼬【2021-01-23T04:51:31Z】	https://www.youtube.com/watch?v=Qw9BG3O3Ku8	1	
186	9 / 9 막판 전기의자 !!!!!!!!!!!!!!!!!!!!!!!!!! 【2021-01-23T05:10:08Z】	https://www.youtube.com/watch?v=nkJ6YwoOcVs	2	
187	철권 xx쇼 오늘은 보여드리겠습니다【2021-01-23T10:01:45Z】	https://www.youtube.com/watch?v=jvZDjMvAdc0	1	
188	뇌있는교수와 악마의 상자【2021-01-23T12:37:04Z】	https://www.youtube.com/watch?v=M8Zx3dmVe2E	1	
189	뇌있는교수와 악마의 상자【2021-01-23T13:27:23Z】	https://www.youtube.com/watch?v=PEX_tVxb1MY	1	
190	뇌있는교수와 악마의 상자【2021-01-23T13:28:36Z】	https://www.youtube.com/watch?v=84gOk7w3_j4	2	
191	1시간 줘도 못 푸는 킹전자산【2021-01-23T13:39:13Z】	https://www.youtube.com/watch?v=dhKNuHt_CoA	2	
192	종이 만들어서 푸는 사람의 항변【2021-01-23T13:41:18Z】	https://www.youtube.com/watch?v=hxfYbVbL6yM	12	
193	종이접기 시간 【2021-01-23T13:43:42Z】	https://www.youtube.com/watch?v=ha9rIWaMeYY	2	
194	종이로 만드시는 슨배님【2021-01-23T13:44:46Z】	https://www.youtube.com/watch?v=nZ9ntbywv1k	18	
195	훅 들어오는 극딜 【2021-01-23T13:45:22Z】	https://www.youtube.com/watch?v=HQxQZZh4BbI	2	
196	완벽함【2021-01-23T13:48:45Z】	https://www.youtube.com/watch?v=NIBFdiVmmD8	12	
197	종이접기를 소환했는 데 결과는 ?【2021-01-23T13:50:07Z】	https://www.youtube.com/watch?v=L3FjQb2SZHU	2	
198	이거야!【2021-01-23T13:50:11Z】	https://www.youtube.com/watch?v=VNu0-_gsgcU	18	
199	격려를 가장한 극딜【2021-01-23T13:53:49Z】	https://www.youtube.com/watch?v=UuOvdLV4dIQ	2	
200	뇌있는교수와 악마의 상자【2021-01-23T13:54:57Z】	https://www.youtube.com/watch?v=GIhEG6H6Ll4	2	
201	치명상【2021-01-23T13:55:11Z】	https://www.youtube.com/watch?v=b3EVI3NEt6s	2	
202	뇌있는교수와 악마의 상자【2021-01-23T13:55:42Z】	https://www.youtube.com/watch?v=JmTRRfHfr4g	2	
203	어쨋든 공작은 잘하십니다.【2021-01-23T13:56:04Z】	https://www.youtube.com/watch?v=7t09n7Pcdzc	8	
204	ㅋㅋㅋㅋㅋ【2021-01-23T14:00:35Z】	https://www.youtube.com/watch?v=X1Rf1x3_M14	5	
205	뇌있는교수와 악마의 상자【2021-01-23T14:20:42Z】	https://www.youtube.com/watch?v=suZTMNUEZx0	2	
206	사장님 여기에요【2021-01-23T14:24:08Z】	https://www.youtube.com/watch?v=54rzZbXIWnc	3	
207	뇌있는교수와 악마의 상자【2021-01-23T16:15:43Z】	https://www.youtube.com/watch?v=d3daKzOtVog	2	
208	ㅋㅋㅋㅋㅋ【2021-01-23T16:48:31Z】	https://www.youtube.com/watch?v=0O-9UHDz_LU	3	
209	3단 고음【2021-01-24T08:14:13Z】	https://www.youtube.com/watch?v=eR9KAs1hceQ	10	
210	3단 고음(2)【2021-01-24T08:23:05Z】	https://www.youtube.com/watch?v=BsAwThtvM7c	10	
211	슨배의 동료【2021-01-24T08:32:11Z】	https://www.youtube.com/watch?v=bE16dyLHHII	11	
212	레이튼을 정복하기위해 동료를 영입했다【2021-01-24T08:46:38Z】	https://www.youtube.com/watch?v=7XnWCWZt08w	4	
213	레이튼을 정복하기위해 동료를 영입했다【2021-01-24T08:50:41Z】	https://www.youtube.com/watch?v=v8tlY-KkurA	2	
214	레이튼을 정복하기위해 동료를 영입했다【2021-01-24T08:50:58Z】	https://www.youtube.com/watch?v=BLC4eEpAxeg	2	
215	명탐정 슨배【2021-01-24T08:51:21Z】	https://www.youtube.com/watch?v=Qfzb8siYYR4	18	
216	말 사오는게 더 빨라요!【2021-01-24T08:54:56Z】	https://www.youtube.com/watch?v=4Gl4EkVkFuU	3	
217	레이튼을 정복하기위해 동료를 영입했다【2021-01-24T09:08:25Z】	https://www.youtube.com/watch?v=aqepKoJlbqs	3	
218	레이튼을 정복하기위해 동료를 영입했다【2021-01-24T09:12:55Z】	https://www.youtube.com/watch?v=sD5gzQPLRt4	2	
219	레이튼을 정복하기위해 동료를 영입했다【2021-01-24T10:10:14Z】	https://www.youtube.com/watch?v=ar4F4yNaI-g	2	
220	아까했잖아 !!!!【2021-01-24T10:10:28Z】	https://www.youtube.com/watch?v=u0sEbHhzuPo	2	
221	원이【2021-01-24T10:12:08Z】	https://www.youtube.com/watch?v=MJAwo3YSBfI	3	
222	레이튼을 정복하기위해 동료를 영입했다【2021-01-24T10:13:52Z】	https://www.youtube.com/watch?v=6Sm0jGV1f10	2	
223	레이튼을 정복하기위해 동료를 영입했다【2021-01-24T10:24:24Z】	https://www.youtube.com/watch?v=ybghAbzQKHI	2	
224	노안임을 인정하는 나【2021-01-24T10:28:44Z】	https://www.youtube.com/watch?v=1sy70Fw4zkI	2	
225	노안온 생선배【2021-01-24T10:29:41Z】	https://www.youtube.com/watch?v=E951dW2qOtE	2	
226	레이튼을 정복하기위해 동료를 영입했다【2021-01-24T10:46:06Z】	https://www.youtube.com/watch?v=NtQ1NdnaHIo	2	
227	레이튼을 정복하기위해 동료를 영입했다【2021-01-24T11:00:10Z】	https://www.youtube.com/watch?v=IfCulGEelSc	2	
228	체인 문제【2021-01-24T11:03:17Z】	https://www.youtube.com/watch?v=DlcPWrzD-vs	2	
229	말 문제【2021-01-24T11:05:08Z】	https://www.youtube.com/watch?v=9Wsqg_bNfOE	2	
230	낙지선배【2021-01-24T11:28:08Z】	https://www.youtube.com/watch?v=33YJFun6q_E	3	
231	분노의 알파벳【2021-01-24T11:37:08Z】	https://www.youtube.com/watch?v=Sr5rSAkGTZQ	21	
232	깃발【2021-01-24T11:40:08Z】	https://www.youtube.com/watch?v=XwxaWWXrrwM	2	
233	레이튼을 정복하기위해 동료를 영입했다【2021-01-24T12:11:45Z】	https://www.youtube.com/watch?v=aN1Lr4zX4vQ	2	
234	레이튼을 정복하기위해 동료를 영입했다【2021-01-24T12:15:34Z】	https://www.youtube.com/watch?v=gaVOblCW_Qs	1	
235	산양【2021-01-24T12:36:53Z】	https://www.youtube.com/watch?v=41x8f387mfg	2	
236	레이튼을 정복하기위해 동료를 영입했다【2021-01-24T12:38:00Z】	https://www.youtube.com/watch?v=6WIyzPn1mWo	1	
237	생 파울로【2021-01-24T12:38:09Z】	https://www.youtube.com/watch?v=UGtOokVFlY8	11	
238	민첩한 슨배님【2021-01-24T12:40:23Z】	https://www.youtube.com/watch?v=iKCtIe4Gn7o	50	
239	레이튼을 정복하기위해 동료를 영입했다【2021-01-24T13:13:48Z】	https://www.youtube.com/watch?v=SKVqOg_wsFQ	1	
240	레이튼을 정복하기위해 동료를 영입했다【2021-01-24T13:22:54Z】	https://www.youtube.com/watch?v=WZoaBov2RvA	1	
241	어 화면이 왜 돌아갔지? (ツ)【2021-01-26T13:44:57Z】	https://www.youtube.com/watch?v=PlG6bONTHB0	11	
242	뚜껑안따고 간장 드리킹【2021-01-26T13:47:50Z】	https://www.youtube.com/watch?v=kIJIuHLyFSw	3	
243	ㅋㅋㅋ【2021-01-26T14:20:20Z】	https://www.youtube.com/watch?v=1w9pGgPVCXk	4	
244	레이튼을 정복하기위해 동료를 영입했다【2021-01-26T14:21:31Z】	https://www.youtube.com/watch?v=NBjxHWU0SN4	1	
245	초 전자두뇌의 고뇌【2021-01-26T14:21:40Z】	https://www.youtube.com/watch?v=KwgDjxuORE4	13	
246	멋진 모양이 되었습니다!【2021-01-26T14:35:02Z】	https://www.youtube.com/watch?v=Z6Eygd1vsp0	10	
247	코건 앙데겠는뎅?【2021-01-26T14:40:02Z】	https://www.youtube.com/watch?v=1m92YP6_KGY	5	
248	레이튼을 정복하기위해 동료를 영입했다【2021-01-26T15:08:54Z】	https://www.youtube.com/watch?v=sVyGABPql5A	1	
249	레이튼을 정복하기위해 동료를 영입했다【2021-01-26T15:10:18Z】	https://www.youtube.com/watch?v=X4v9ZXxi-dk	1	
250	레이튼을 정복하기위해 동료를 영입했다【2021-01-26T15:11:50Z】	https://www.youtube.com/watch?v=k5ms1dxKknE	1	
251	전설의 톱니바퀴【2021-01-26T15:12:56Z】	https://www.youtube.com/watch?v=Ksv5E3ly-Fw	2	
252	클리어 열차【2021-01-26T23:46:50Z】	https://www.youtube.com/watch?v=l8ff_ZvxE6E	3	
253	회사 갔다 오느라 늦었다【2021-01-27T13:19:31Z】	https://www.youtube.com/watch?v=-UXxAoouvhI	2	
254	회사 갔다 오느라 늦었다【2021-01-27T13:19:52Z】	https://www.youtube.com/watch?v=DKEz5W33_BQ	1	
255	근방진 서터리머【2021-01-27T13:19:56Z】	https://www.youtube.com/watch?v=qk8-HuOAqD4	8	
256	갈고리 수집가【2021-01-27T13:30:28Z】	https://www.youtube.com/watch?v=87naEM162Ck	6	
257	회사 갔다 오느라 늦었다【2021-01-27T13:36:32Z】	https://www.youtube.com/watch?v=bbGdqkA7RD0	1	
258	초 전자두뇌 풀가동【2021-01-27T13:36:44Z】	https://www.youtube.com/watch?v=KMC4G3_ZhLg	10	
259	회사 갔다 오느라 늦었다【2021-01-27T13:39:06Z】	https://www.youtube.com/watch?v=X6m4Q_DZMXI	1	
260	찾았어!【2021-01-27T13:39:11Z】	https://www.youtube.com/watch?v=E8cL6yGV7JQ	5	
261	도망못가【2021-01-27T14:52:49Z】	https://www.youtube.com/watch?v=B8Au1Jtb_Jw	3	
262	ㅋㅋㅋㅋㅋ【2021-01-27T14:57:13Z】	https://www.youtube.com/watch?v=KlGtVTFO6Z8	2	
263	여러분의 성원에 힘입어 힌트를 열어보겠습니다.【2021-01-27T15:05:48Z】	https://www.youtube.com/watch?v=qgp1xbyJebg	10	
264	여러분들이 그러시니 마지막까지 열어 보겠습니다.【2021-01-27T15:08:05Z】	https://www.youtube.com/watch?v=WEvLmdgl4FM	11	
265	회사 갔다 오느라 늦었다【2021-01-27T15:45:29Z】	https://www.youtube.com/watch?v=L6uqEf7zWvM	1	
266	오늘은 뭘하지【2021-01-29T13:33:18Z】	https://www.youtube.com/watch?v=WqoVAVSvyV8	2	
267	오늘은 뭘하지【2021-01-29T13:48:58Z】	https://www.youtube.com/watch?v=cB7c3R8dXzc	1	
268	속마음과의 싸움【2021-01-29T13:52:46Z】	https://www.youtube.com/watch?v=wHq5r94t9zg	9	
269	핵버전 경험중【2021-01-29T14:16:35Z】	https://www.youtube.com/watch?v=aGCJwCclbbM	2	
270	미션ㅋㅋㅋㅋ【2021-01-29T14:17:58Z】	https://www.youtube.com/watch?v=RlKBqvXsTaY	7	
271	30초 컷【2021-01-29T14:21:46Z】	https://www.youtube.com/watch?v=nCL_W0zs2Gk	2	
272	오늘은 뭘하지【2021-01-29T14:30:39Z】	https://www.youtube.com/watch?v=mN6Nfk60u0U	2	
273	미친 회오리【2021-01-29T14:31:26Z】	https://www.youtube.com/watch?v=eo2Fd8OWPQ4	8	
274	미친회오리2【2021-01-29T14:31:47Z】	https://www.youtube.com/watch?v=OnrdRIKak_M	3	
275	미친회오리3【2021-01-29T14:33:38Z】	https://www.youtube.com/watch?v=KZQheAmBN5c	3	
276	미친회오리4【2021-01-29T14:34:24Z】	https://www.youtube.com/watch?v=7rIbJJKyZcs	4	
277	미친게이저【2021-01-29T14:36:55Z】	https://www.youtube.com/watch?v=_-0q55t2eLo	7	
278	미친게이저2【2021-01-29T14:37:16Z】	https://www.youtube.com/watch?v=PhnBINHFBuQ	30	
279	미친회오리5【2021-01-29T14:40:14Z】	https://www.youtube.com/watch?v=HvETrv8pyYY	6	
280	미친게이저3【2021-01-29T14:41:14Z】	https://www.youtube.com/watch?v=Ai1qYKycbDs	16	
281	ㅋㅋㅋㅋ【2021-01-29T14:41:17Z】	https://www.youtube.com/watch?v=X2dMjdd-YN4	2	
282	미친게이저4【2021-01-29T14:42:46Z】	https://www.youtube.com/watch?v=JqxvNXaxaE0	10	
283	고자쇼 특집 【2021-01-29T14:44:07Z】	https://www.youtube.com/watch?v=EXn0fTIARVc	3	
284	미친 타이거킥【2021-01-29T14:44:42Z】	https://www.youtube.com/watch?v=m-DKSqiKanQ	9	
285	오늘은 뭘하지【2021-01-29T14:45:24Z】	https://www.youtube.com/watch?v=GhzP7bE2QSg	3	
286	2초컷【2021-01-29T14:48:39Z】	https://www.youtube.com/watch?v=zN_R_X4iPNw	8	
287	미친 타이거킥2【2021-01-29T14:50:22Z】	https://www.youtube.com/watch?v=ISR16htDl3o	5	
288	미친 치즈루【2021-01-29T14:54:02Z】	https://www.youtube.com/watch?v=HgLEo2GVqJ0	17	
289	오늘은 뭘하지【2021-01-29T14:55:19Z】	https://www.youtube.com/watch?v=fBvDii2V-r8	2	
290	댄서 치즈루【2021-01-29T14:59:20Z】	https://www.youtube.com/watch?v=if7vhLq0cZQ	4	
291	아무것도 한게 없어【2021-01-29T15:08:28Z】	https://www.youtube.com/watch?v=jtv2UMqpyD8	27	
292	오늘은 뭘하지【2021-01-29T15:22:27Z】	https://www.youtube.com/watch?v=hgBfxwLcJtY	2	
293	만세 선배【2021-01-29T15:23:48Z】	https://www.youtube.com/watch?v=VHspx-Z_IT8	14	
294	셸미의 무한 행복잡기【2021-01-29T15:27:59Z】	https://www.youtube.com/watch?v=8YZagNaho4c	13	
295	킹능성 있다 ?【2021-01-29T15:29:58Z】	https://www.youtube.com/watch?v=Q1_S8UMx7CU	4	
296	뺨맞는 나【2021-01-29T15:31:48Z】	https://www.youtube.com/watch?v=zcLot-cChjY	2	
297	오늘은 뭘하지【2021-01-29T15:31:49Z】	https://www.youtube.com/watch?v=0cpDEwkMm70	1	
298	연속뺨치기【2021-01-29T15:31:52Z】	https://www.youtube.com/watch?v=S500K1zPveU	5	
299	분노의 슨배님【2021-01-29T15:38:31Z】	https://www.youtube.com/watch?v=Urf0fqxiZo0	12	
300	눈뽕공격에 매운맛【2021-01-29T15:42:09Z】	https://www.youtube.com/watch?v=ln7IzJhWj0M	4	
301	무한【2021-01-29T16:08:25Z】	https://www.youtube.com/watch?v=D49mTTCQ_tE	2	
302	반사【2021-01-29T16:30:00Z】	https://www.youtube.com/watch?v=syu-Ex3Hb5c	7	
303	일본 클럽【2021-01-29T16:38:34Z】	https://www.youtube.com/watch?v=0bCTZDuZJKw	9	
304	방심하면 1초컷【2021-01-29T16:39:29Z】	https://www.youtube.com/watch?v=0XObCWhfs88	7	
305	티베깅 허리마루【2021-01-29T16:45:02Z】	https://www.youtube.com/watch?v=__UkE0ouEUo	5	
306	마무으리는 번개쇼【2021-01-29T16:46:17Z】	https://www.youtube.com/watch?v=-sXe6P2XKBA	6	
307	천안에 일어난 지진【2021-01-29T16:47:31Z】	https://www.youtube.com/watch?v=4CkMKuWk3Bw	2	
308	비트에 몸을 맡겨라【2021-01-29T16:47:35Z】	https://www.youtube.com/watch?v=d7e4nYixfNY	7	
309	승천【2021-01-29T17:04:29Z】	https://www.youtube.com/watch?v=YxMr5lkI5Uk	13	
310	극한류 엔딩 2초컷【2021-01-29T17:22:07Z】	https://www.youtube.com/watch?v=8opcrOPHxrk	7	
311	잠시 다시 철권【2021-01-29T18:04:39Z】	https://www.youtube.com/watch?v=0FvRyICGUGY	1	
312	잠시 다시 철권【2021-01-30T03:06:43Z】	https://www.youtube.com/watch?v=_daL6A9ooNM	1	
313	반칙 핑계【2021-01-30T03:40:25Z】	https://www.youtube.com/watch?v=fDNcOGmV0ZE	2	
314	ADA선생님과 함께하는 철권똥꼬쇼(저격 환영)【2021-01-30T04:37:37Z】	https://www.youtube.com/watch?v=MkGeaKYhmKI	2	
315	민원【2021-01-30T05:12:52Z】	https://www.youtube.com/watch?v=Oi7MJMQ0A5Y	2	
316	오늘도 달려볼까 【2021-01-30T12:25:25Z】	https://www.youtube.com/watch?v=jYLGnCLgW30	2	
317	오늘도 달려볼까 【2021-01-30T13:08:18Z】	https://www.youtube.com/watch?v=MFJYLIANMiQ	2	
318	깬다?【2021-01-30T13:33:19Z】	https://www.youtube.com/watch?v=HcF6S0DeT7Y	55	
319	오늘도 달려볼까 【2021-01-30T13:33:57Z】	https://www.youtube.com/watch?v=fbAjDrYiVHg	2	
320	오늘도 달려볼까 【2021-01-30T14:08:00Z】	https://www.youtube.com/watch?v=fL0aIxH9_JI	1	
321	오늘도 달려볼까 【2021-01-30T14:08:29Z】	https://www.youtube.com/watch?v=a8_SYchCv_s	2	
322	오늘도 달려볼까 【2021-01-30T14:09:59Z】	https://www.youtube.com/watch?v=V7ArJD6ohKo	2	
323	오늘도 달려볼까 【2021-01-30T15:01:05Z】	https://www.youtube.com/watch?v=XkOW2GwkJAw	3	
324	한방은 아니지?【2021-01-30T15:06:38Z】	https://www.youtube.com/watch?v=LZtP_K2VoIA	11	
325	의지의 선배님【2021-01-30T15:25:19Z】	https://www.youtube.com/watch?v=-PMtITQKMS4	9	
326	루갈 1/3클리어【2021-01-30T15:25:28Z】	https://www.youtube.com/watch?v=WGcnsziHiFM	2	
327	루갈 도전【2021-01-30T15:28:58Z】	https://www.youtube.com/watch?v=yymw2CB8S2E	3	
328	노AB【2021-01-30T16:28:31Z】	https://www.youtube.com/watch?v=MAdqWzJwJyc	17	
329	루갈에 0.5초 컷【2021-01-30T17:25:05Z】	https://www.youtube.com/watch?v=KGRaFG0xZuo	5	
330	뭐....뭐지 ? 뭐가 지나갔나 ? ㅋㅋㅋㅋㅋㅋㅋㅋㅋㅋㅋㅋㅋㅋ【2021-01-30T17:29:56Z】	https://www.youtube.com/watch?v=pfidOZuWlHQ	6	
331	콧털에 위력 좌절하는 생선배 ㅋㅋㅋㅋㅋㅋㅋㅋㅋㅋㅋㅋㅋ【2021-01-30T17:30:31Z】	https://www.youtube.com/watch?v=_sPBYHi5rWQ	4	
332	진 패황상후권 위력【2021-01-30T17:33:44Z】	https://www.youtube.com/watch?v=k1eQZi-OUZM	3	
333	dance time !!!!【2021-01-30T17:37:45Z】	https://www.youtube.com/watch?v=zKdfgql2-1I	5	
334	dance time pt2【2021-01-30T17:40:32Z】	https://www.youtube.com/watch?v=ZBbaK4PDY-Y	4	
335	dance time pt3【2021-01-30T17:52:17Z】	https://www.youtube.com/watch?v=4CtiLM7fktk	4	
336	먼지나게 쳐 맞는 생선배 ㅋㅋㅋㅋㅋㅋㅋㅋㅋㅋㅋㅋㅋㅋ【2021-01-30T19:09:10Z】	https://www.youtube.com/watch?v=CWH0lLTpNZg	4	
337	dance time pt4【2021-01-30T19:14:58Z】	https://www.youtube.com/watch?v=tPEIAJH9UGg	3	
338	오늘도 달려볼까 【2021-01-30T19:17:02Z】	https://www.youtube.com/watch?v=9B9TD0P5Gf0	2	
339	dance time pt5【2021-01-30T19:21:34Z】	https://www.youtube.com/watch?v=d2ahuFm46vA	4	
340	오늘도 달려볼까 【2021-01-30T19:21:42Z】	https://www.youtube.com/watch?v=NBxQ3CJrw7E	2	
341	광란에 1초컷 ㅋㅋㅋㅋㅋㅋㅋㅋㅋㅋㅋㅋㅋ【2021-01-30T19:24:51Z】	https://www.youtube.com/watch?v=5xLHD1WzCFU	7	
342	클...클각???【2021-01-30T19:28:46Z】	https://www.youtube.com/watch?v=HE3tnQgYm9w	3	
343	3시간 18분【2021-01-30T19:48:28Z】	https://www.youtube.com/watch?v=akUqBAQVU9Q	3	
344	ㅋㅋㅋㅋㅋㅋ【2021-01-31T04:14:42Z】	https://www.youtube.com/watch?v=80_gBkZP7S4	52	
345	잠시잠깐 철권【2021-01-31T04:38:35Z】	https://www.youtube.com/watch?v=5RBrCllRdpc	18	
346	나는 호랑이가 토끼를 잡을때처럼 언제나 최선을 다한다【2021-01-31T04:39:26Z】	https://www.youtube.com/watch?v=FaH3rmFw0ow	7	
347	엠페러【2021-01-31T04:59:03Z】	https://www.youtube.com/watch?v=gW4zPzAgURM	2	
348	잠시잠깐 철권 불쌍맨들 때리는시간【2021-01-31T05:04:57Z】	https://www.youtube.com/watch?v=fI17-mOz4Lg	1	
349	3스네이크【2021-01-31T05:14:40Z】	https://www.youtube.com/watch?v=bN3cGxny8ho	7	
350	잠시잠깐 철권 불쌍맨들 때리는시간【2021-01-31T05:44:27Z】	https://www.youtube.com/watch?v=NXnF3Gptopk	4	
351	잠시잠깐 철권 불쌍맨들 때리는시간【2021-01-31T06:03:06Z】	https://www.youtube.com/watch?v=aTuz-ZbvE4I	3	
352	잠시잠깐 철권 불쌍맨들 때리는시간【2021-01-31T06:33:46Z】	https://www.youtube.com/watch?v=SfWeUxzmK0g	3	
353	생선배의 목표【2021-01-31T06:50:08Z】	https://www.youtube.com/watch?v=_LhDPHI2yZc	6	
354	조용히 킹오브 드래곤 도전【2021-01-31T12:34:45Z】	https://www.youtube.com/watch?v=es9yO5xvLyQ	2	
355	배틀 도중에 전선을 입력하다니...【2021-01-31T12:34:49Z】	https://www.youtube.com/watch?v=2E5KAZX7ECc	68	
